[
  {
    "value": "Can",
    "synonyms": [
      "Can"
    ]
  },
  {
    "value": "are",
    "synonyms": [
      "are"
    ]
  },
  {
    "value": "can",
    "synonyms": [
      "can"
    ]
  },
  {
    "value": "do",
    "synonyms": [
      "do"
    ]
  },
  {
    "value": "does",
    "synonyms": [
      "does"
    ]
  },
  {
    "value": "how",
    "synonyms": [
      "how"
    ]
  },
  {
    "value": "is",
    "synonyms": [
      "is"
    ]
  },
  {
    "value": "what",
    "synonyms": [
      "what"
    ]
  },
  {
    "value": "where",
    "synonyms": [
      "where"
    ]
  },
  {
    "value": "who",
    "synonyms": [
      "who"
    ]
  },
  {
    "value": "why",
    "synonyms": [
      "why"
    ]
  }
]