[
  {
    "id": "a25717e9-a68d-4ddf-a9a6-e7dd0b3006a5",
    "data": [
      {
        "text": "what",
        "alias": "questionkey",
        "meta": "@questionkey",
        "userDefined": true
      },
      {
        "text": " ",
        "userDefined": false
      },
      {
        "text": "campus activities",
        "alias": "subject",
        "meta": "@subject",
        "userDefined": true
      },
      {
        "text": " are ",
        "userDefined": false
      },
      {
        "text": "available",
        "alias": "action",
        "meta": "@action",
        "userDefined": true
      },
      {
        "text": " at ",
        "userDefined": false
      },
      {
        "text": "ISS",
        "alias": "location",
        "meta": "@location",
        "userDefined": true
      },
      {
        "text": "?",
        "userDefined": false
      }
    ],
    "isTemplate": false,
    "count": 0
  },
  {
    "id": "5b2008e5-2372-4dd1-af4a-9fc66345b5f9",
    "data": [
      {
        "text": "what",
        "alias": "questionkey",
        "meta": "@questionkey",
        "userDefined": true
      },
      {
        "text": " ",
        "userDefined": false
      },
      {
        "text": "campus facilities",
        "alias": "subject",
        "meta": "@subject",
        "userDefined": true
      },
      {
        "text": " are ",
        "userDefined": false
      },
      {
        "text": "available",
        "alias": "action",
        "meta": "@action",
        "userDefined": true
      },
      {
        "text": " at ",
        "userDefined": false
      },
      {
        "text": "ISS",
        "alias": "location",
        "meta": "@location",
        "userDefined": true
      },
      {
        "text": "?",
        "userDefined": false
      }
    ],
    "isTemplate": false,
    "count": 0
  },
  {
    "id": "e0632c3e-fb90-40b5-b1a3-b4855652db10",
    "data": [
      {
        "text": "Can",
        "alias": "questionkey",
        "meta": "@questionkey",
        "userDefined": true
      },
      {
        "text": " you ",
        "userDefined": false
      },
      {
        "text": "tell",
        "alias": "action",
        "meta": "@action",
        "userDefined": true
      },
      {
        "text": " me about ",
        "userDefined": false
      },
      {
        "text": "career services",
        "alias": "subject",
        "meta": "@subject",
        "userDefined": true
      },
      {
        "text": " on ",
        "userDefined": false
      },
      {
        "text": "placement opportunities",
        "alias": "inquirytype",
        "meta": "@inquirytype",
        "userDefined": true
      },
      {
        "text": "?",
        "userDefined": false
      }
    ],
    "isTemplate": false,
    "count": 0
  },
  {
    "id": "a8bb033c-0983-447f-b79b-97e9ce68bbe4",
    "data": [
      {
        "text": "Does",
        "alias": "questionkey",
        "meta": "@questionkey",
        "userDefined": true
      },
      {
        "text": " ",
        "userDefined": false
      },
      {
        "text": "ISS",
        "alias": "location",
        "meta": "@location",
        "userDefined": true
      },
      {
        "text": " ",
        "userDefined": false
      },
      {
        "text": "provide",
        "alias": "action",
        "meta": "@action",
        "userDefined": true
      },
      {
        "text": " ",
        "userDefined": false
      },
      {
        "text": "career services",
        "alias": "subject",
        "meta": "@subject",
        "userDefined": true
      },
      {
        "text": "?",
        "userDefined": false
      }
    ],
    "isTemplate": false,
    "count": 0
  },
  {
    "id": "149b4edb-1974-4e4f-b97d-ef920ab8cf5c",
    "data": [
      {
        "text": "Do",
        "alias": "questionkey",
        "meta": "@questionkey",
        "userDefined": true
      },
      {
        "text": " you ",
        "userDefined": false
      },
      {
        "text": "have",
        "alias": "action",
        "meta": "@action",
        "userDefined": true
      },
      {
        "text": " an ",
        "userDefined": false
      },
      {
        "text": "honour list",
        "alias": "subject",
        "meta": "@subject",
        "userDefined": true
      },
      {
        "text": "?",
        "userDefined": false
      }
    ],
    "isTemplate": false,
    "count": 0
  },
  {
    "id": "d131a384-5eda-4072-8256-46e9bf443a6a",
    "data": [
      {
        "text": "Can",
        "alias": "questionkey",
        "meta": "@questionkey",
        "userDefined": true
      },
      {
        "text": " I ",
        "userDefined": false
      },
      {
        "text": "know",
        "alias": "action",
        "meta": "@action",
        "userDefined": true
      },
      {
        "text": " ",
        "userDefined": false
      },
      {
        "text": "who",
        "alias": "subject",
        "meta": "@subject",
        "userDefined": true
      },
      {
        "text": " the past ",
        "userDefined": false
      },
      {
        "text": "honour students",
        "alias": "inquirytype",
        "meta": "@inquirytype",
        "userDefined": true
      },
      {
        "text": " are?",
        "userDefined": false
      }
    ],
    "isTemplate": false,
    "count": 0
  },
  {
    "id": "9ce1a0f2-c42e-4dec-9e16-aa767aad571c",
    "data": [
      {
        "text": "What",
        "alias": "questionkey",
        "meta": "@questionkey",
        "userDefined": true
      },
      {
        "text": " ",
        "userDefined": false
      },
      {
        "text": "financial assistance",
        "alias": "subject",
        "meta": "@subject",
        "userDefined": true
      },
      {
        "text": " is ",
        "userDefined": false
      },
      {
        "text": "available",
        "alias": "action",
        "meta": "@action",
        "userDefined": true
      },
      {
        "text": " to your ",
        "userDefined": false
      },
      {
        "text": "programmes",
        "alias": "inquirytype",
        "meta": "@inquirytype",
        "userDefined": true
      },
      {
        "text": "?",
        "userDefined": false
      }
    ],
    "isTemplate": false,
    "count": 0
  },
  {
    "id": "e59fffa5-3b70-4e43-bc5b-8bcf7f4e308d",
    "data": [
      {
        "text": "What",
        "alias": "questionkey",
        "meta": "@questionkey",
        "userDefined": true
      },
      {
        "text": " do ",
        "userDefined": false
      },
      {
        "text": "organisations",
        "alias": "subject",
        "meta": "@subject",
        "userDefined": true
      },
      {
        "text": " ",
        "userDefined": false
      },
      {
        "text": "say",
        "alias": "action",
        "meta": "@action",
        "userDefined": true
      },
      {
        "text": " about your ",
        "userDefined": false
      },
      {
        "text": "programmes",
        "alias": "inquirytype",
        "meta": "@inquirytype",
        "userDefined": true
      },
      {
        "text": "?",
        "userDefined": false
      }
    ],
    "isTemplate": false,
    "count": 0
  },
  {
    "id": "13e58fc6-3a9f-4620-9909-db8697087b79",
    "data": [
      {
        "text": "Tell",
        "alias": "action",
        "meta": "@action",
        "userDefined": true
      },
      {
        "text": " me about what organisations say about your ",
        "userDefined": false
      },
      {
        "text": "programmes",
        "alias": "inquirytype",
        "meta": "@inquirytype",
        "userDefined": true
      },
      {
        "text": ".",
        "userDefined": false
      }
    ],
    "isTemplate": false,
    "count": 0
  },
  {
    "id": "322c0b6d-5d8b-45d6-8260-ff57c78646d6",
    "data": [
      {
        "text": "tell",
        "alias": "action",
        "meta": "@action",
        "userDefined": true
      },
      {
        "text": " me more about your ",
        "userDefined": false
      },
      {
        "text": "graduate programme",
        "alias": "inquirytype",
        "meta": "@inquirytype",
        "userDefined": true
      },
      {
        "text": " ",
        "userDefined": false
      },
      {
        "text": "diploma courses",
        "alias": "subject",
        "meta": "@subject",
        "userDefined": true
      },
      {
        "text": ".",
        "userDefined": false
      }
    ],
    "isTemplate": false,
    "count": 0
  },
  {
    "id": "6776a50d-424e-4b93-ace0-acf90e038bcb",
    "data": [
      {
        "text": "do",
        "alias": "questionkey",
        "meta": "@questionkey",
        "userDefined": true
      },
      {
        "text": " you ",
        "userDefined": false
      },
      {
        "text": "have",
        "alias": "action",
        "meta": "@action",
        "userDefined": true
      },
      {
        "text": " ",
        "userDefined": false
      },
      {
        "text": "diploma courses",
        "alias": "subject",
        "meta": "@subject",
        "userDefined": true
      },
      {
        "text": " in ",
        "userDefined": false
      },
      {
        "text": "iss",
        "alias": "location",
        "meta": "@location",
        "userDefined": true
      },
      {
        "text": "  ",
        "userDefined": false
      },
      {
        "text": "programmes",
        "alias": "inquirytype",
        "meta": "@inquirytype",
        "userDefined": true
      },
      {
        "text": "?",
        "userDefined": false
      }
    ],
    "isTemplate": false,
    "count": 0
  },
  {
    "id": "0ce6f970-0486-44f4-b190-23162f77ea82",
    "data": [
      {
        "text": "Do",
        "alias": "questionkey",
        "meta": "@questionkey",
        "userDefined": true
      },
      {
        "text": " you ",
        "userDefined": false
      },
      {
        "text": "have",
        "alias": "action",
        "meta": "@action",
        "userDefined": true
      },
      {
        "text": " more ",
        "userDefined": false
      },
      {
        "text": "information",
        "alias": "subject",
        "meta": "@subject",
        "userDefined": true
      },
      {
        "text": " for your ",
        "userDefined": false
      },
      {
        "text": "masters programmes",
        "alias": "inquirytype",
        "meta": "@inquirytype",
        "userDefined": true
      },
      {
        "text": "?",
        "userDefined": false
      }
    ],
    "isTemplate": false,
    "count": 0
  },
  {
    "id": "9416e1b3-ea14-4f89-8afa-847645b26031",
    "data": [
      {
        "text": "Do",
        "alias": "questionkey",
        "meta": "@questionkey",
        "userDefined": true
      },
      {
        "text": " you ",
        "userDefined": false
      },
      {
        "text": "have",
        "alias": "action",
        "meta": "@action",
        "userDefined": true
      },
      {
        "text": " ",
        "userDefined": false
      },
      {
        "text": "road show",
        "alias": "subject",
        "meta": "@subject",
        "userDefined": true
      },
      {
        "text": " for your ",
        "userDefined": false
      },
      {
        "text": "masters programmes",
        "alias": "inquirytype",
        "meta": "@inquirytype",
        "userDefined": true
      },
      {
        "text": "?",
        "userDefined": false
      }
    ],
    "isTemplate": false,
    "count": 0
  },
  {
    "id": "d390b6cd-abc5-4f29-b742-d39dfcaad265",
    "data": [
      {
        "text": "Tell",
        "alias": "action",
        "meta": "@action",
        "userDefined": true
      },
      {
        "text": " me about your ",
        "userDefined": false
      },
      {
        "text": "Software Engineering",
        "alias": "subject",
        "meta": "@subject",
        "userDefined": true
      },
      {
        "text": " ",
        "userDefined": false
      },
      {
        "text": "programme",
        "alias": "inquirytype",
        "meta": "@inquirytype",
        "userDefined": true
      },
      {
        "text": ".",
        "userDefined": false
      }
    ],
    "isTemplate": false,
    "count": 0
  },
  {
    "id": "b4889106-2419-405c-9232-510d7bb927c7",
    "data": [
      {
        "text": "Do",
        "alias": "questionkey",
        "meta": "@questionkey",
        "userDefined": true
      },
      {
        "text": " you ",
        "userDefined": false
      },
      {
        "text": "have",
        "alias": "action",
        "meta": "@action",
        "userDefined": true
      },
      {
        "text": " a ",
        "userDefined": false
      },
      {
        "text": "masters programme",
        "alias": "inquirytype",
        "meta": "@inquirytype",
        "userDefined": true
      },
      {
        "text": " in ",
        "userDefined": false
      },
      {
        "text": "Software Engineering",
        "alias": "subject",
        "meta": "@subject",
        "userDefined": true
      },
      {
        "text": " ?",
        "userDefined": false
      }
    ],
    "isTemplate": false,
    "count": 0
  },
  {
    "id": "67614a44-bf12-4d5d-bfb5-090fc225a56f",
    "data": [
      {
        "text": "Do",
        "alias": "questionkey",
        "meta": "@questionkey",
        "userDefined": true
      },
      {
        "text": " you ",
        "userDefined": false
      },
      {
        "text": "have",
        "alias": "action",
        "meta": "@action",
        "userDefined": true
      },
      {
        "text": " a ",
        "userDefined": false
      },
      {
        "text": "masters programme",
        "alias": "inquirytype",
        "meta": "@inquirytype",
        "userDefined": true
      },
      {
        "text": " in ",
        "userDefined": false
      },
      {
        "text": "Intelligent Systems",
        "alias": "subject",
        "meta": "@subject",
        "userDefined": true
      },
      {
        "text": " ?",
        "userDefined": false
      }
    ],
    "isTemplate": false,
    "count": 0
  },
  {
    "id": "9e159272-faf8-415e-9ce1-8cb69a28de3f",
    "data": [
      {
        "text": "Tell",
        "alias": "action",
        "meta": "@action",
        "userDefined": true
      },
      {
        "text": " me about your ",
        "userDefined": false
      },
      {
        "text": "Intelligent Systems",
        "alias": "subject",
        "meta": "@subject",
        "userDefined": true
      },
      {
        "text": " ",
        "userDefined": false
      },
      {
        "text": "programme",
        "alias": "inquirytype",
        "meta": "@inquirytype",
        "userDefined": true
      },
      {
        "text": ".",
        "userDefined": false
      }
    ],
    "isTemplate": false,
    "count": 0
  },
  {
    "id": "c397cf82-f5f8-4358-a83c-dd1212e7a377",
    "data": [
      {
        "text": "Do",
        "alias": "questionkey",
        "meta": "@questionkey",
        "userDefined": true
      },
      {
        "text": " you ",
        "userDefined": false
      },
      {
        "text": "have",
        "alias": "action",
        "meta": "@action",
        "userDefined": true
      },
      {
        "text": " a ",
        "userDefined": false
      },
      {
        "text": "masters programme",
        "alias": "inquirytype",
        "meta": "@inquirytype",
        "userDefined": true
      },
      {
        "text": " in ",
        "userDefined": false
      },
      {
        "text": "digital leadership",
        "alias": "subject",
        "meta": "@subject",
        "userDefined": true
      },
      {
        "text": " ?",
        "userDefined": false
      }
    ],
    "isTemplate": false,
    "count": 0
  },
  {
    "id": "e652fab8-7a82-45c7-bdae-1d7a6f04a313",
    "data": [
      {
        "text": "Tell",
        "alias": "action",
        "meta": "@action",
        "userDefined": true
      },
      {
        "text": " ",
        "userDefined": false
      },
      {
        "text": "me",
        "meta": "@sys.ignore",
        "userDefined": true
      },
      {
        "text": " about your ",
        "userDefined": false
      },
      {
        "text": "Digital Leadership",
        "alias": "subject",
        "meta": "@subject",
        "userDefined": true
      },
      {
        "text": " ",
        "userDefined": false
      },
      {
        "text": "programme",
        "alias": "inquirytype",
        "meta": "@inquirytype",
        "userDefined": true
      },
      {
        "text": ".",
        "userDefined": false
      }
    ],
    "isTemplate": false,
    "count": 0
  },
  {
    "id": "deaca118-82e4-4673-8d42-3f4bc23c83c2",
    "data": [
      {
        "text": "Do",
        "alias": "questionkey",
        "meta": "@questionkey",
        "userDefined": true
      },
      {
        "text": " you ",
        "userDefined": false
      },
      {
        "text": "have",
        "alias": "action",
        "meta": "@action",
        "userDefined": true
      },
      {
        "text": " ",
        "userDefined": false
      },
      {
        "text": "diploma",
        "alias": "inquirytype",
        "meta": "@inquirytype",
        "userDefined": true
      },
      {
        "text": " course in your ",
        "userDefined": false
      },
      {
        "text": "graduate programmes",
        "alias": "inquirytype",
        "meta": "@inquirytype",
        "userDefined": true
      },
      {
        "text": "?",
        "userDefined": false
      }
    ],
    "isTemplate": false,
    "count": 0
  },
  {
    "id": "099fdb51-9dd0-4bd2-965c-8b8b13a58aa7",
    "data": [
      {
        "text": "What",
        "alias": "questionkey",
        "meta": "@questionkey",
        "userDefined": true
      },
      {
        "text": " ",
        "userDefined": false
      },
      {
        "text": "are",
        "alias": "action",
        "meta": "@action",
        "userDefined": true
      },
      {
        "text": " your ",
        "userDefined": false
      },
      {
        "text": "graduate  programmes",
        "alias": "subject",
        "meta": "@subject",
        "userDefined": true
      },
      {
        "text": "?",
        "userDefined": false
      }
    ],
    "isTemplate": false,
    "count": 0
  },
  {
    "id": "8522fac0-ce14-485a-8611-3b5a152a5a66",
    "data": [
      {
        "text": "What",
        "alias": "questionkey",
        "meta": "@questionkey",
        "userDefined": true
      },
      {
        "text": " do you ",
        "userDefined": false
      },
      {
        "text": "have",
        "alias": "action",
        "meta": "@action",
        "userDefined": true
      },
      {
        "text": " for ",
        "userDefined": false
      },
      {
        "text": "Graduate Programmes",
        "alias": "subject",
        "meta": "@subject",
        "userDefined": true
      },
      {
        "text": " at ",
        "userDefined": false
      },
      {
        "text": "ISS",
        "alias": "location",
        "meta": "@location",
        "userDefined": true
      },
      {
        "text": "?",
        "userDefined": false
      }
    ],
    "isTemplate": false,
    "count": 1
  },
  {
    "id": "73c6c139-78b6-4513-b0a5-6daaac32d6d5",
    "data": [
      {
        "text": "What",
        "alias": "questionkey",
        "meta": "@questionkey",
        "userDefined": true
      },
      {
        "text": " does your  ",
        "userDefined": false
      },
      {
        "text": "students",
        "alias": "subject",
        "meta": "@subject",
        "userDefined": true
      },
      {
        "text": " ",
        "userDefined": false
      },
      {
        "text": "feedback",
        "alias": "action",
        "meta": "@action",
        "userDefined": true
      },
      {
        "text": " on your ",
        "userDefined": false
      },
      {
        "text": "master programmes",
        "alias": "inquirytype",
        "meta": "@inquirytype",
        "userDefined": true
      },
      {
        "text": " ?",
        "userDefined": false
      }
    ],
    "isTemplate": false,
    "count": 0
  },
  {
    "id": "26635d61-9e4a-469c-881d-ad0cf5f8bd33",
    "data": [
      {
        "text": "What",
        "alias": "questionkey",
        "meta": "@questionkey",
        "userDefined": true
      },
      {
        "text": " does your  ",
        "userDefined": false
      },
      {
        "text": "students",
        "alias": "subject",
        "meta": "@subject",
        "userDefined": true
      },
      {
        "text": " ",
        "userDefined": false
      },
      {
        "text": "say",
        "alias": "action",
        "meta": "@action",
        "userDefined": true
      },
      {
        "text": " about your ",
        "userDefined": false
      },
      {
        "text": "master programmes",
        "alias": "inquirytype",
        "meta": "@inquirytype",
        "userDefined": true
      },
      {
        "text": " ?",
        "userDefined": false
      }
    ],
    "isTemplate": false,
    "count": 0
  }
]